id,value,predicted_value
1,42,46.2
2,36,39.6
3,58,63.800000000000004
4,27,29.700000000000003
5,49,53.900000000000006
6,33,36.300000000000004
7,61,67.10000000000001
8,29,31.900000000000002
9,55,60.50000000000001
10,38,41.800000000000004
